txn_id,date,inn,side,amount,purpose,iforest_score_credit,iforest_rank_credit
b1d21fe68f7f8bce5da4672d905c406c8665fa0146a710d0cbef565064c40be0,2019-03-18,cf570886445f7056,credit,564000.0,"Оплата по счету № 16377, 16378, 16379, 16391 от 18.13.2119г. Услуги по перевозке Сумма 564111-11 В т.ч. НДС  (21%) 94111-11",0.999999997454458,1.0
02fc6d4c8ecff63de62ca2ff98ee5d57c0eb4a64dd6a088ed3adce52be729048,2019-01-06,ac50b92c56f08dac,credit,63935.11,"Зачисление средств по операциям с МБК (на основании реестров платежей). Мерчант №INN_395d380d0baf. Дата реестра DATE_4685c1b548e1. Комиссия 1,139.61. Возврат покупки 1.11/1.11. НДС не облагается.",0.9999999974382084,1.0
a0b8bf938c2469b0d541999c84498ff108757e25eeba9667da642cd036601fcd,2019-01-31,8d9e0be733f77f1c,credit,2000000.0,"Погашение кредита по договору 611161151 от 27 декабря 2116 г. клиент ООО ""МЕРКУРИЙ""",0.999999997251398,1.0
7f6067170406ef66114316ff0a4d0f2e0c03a164a8739af86fc575988701dbb7,2019-03-28,62ff58a9bb0efe6b,credit,194726.39,Оплата задолженности за товар согласно акта сверки по состоянию на 22.13.2119г. Сумма 194726-39 В т.ч. НДС  (11%) 17712-41,0.9999999971450564,1.0
d5779e5ff5007e603dc4a2ee3899e0df7cabb0cd11dd29b0485908047a784d89,2019-04-03,2fa1a5c620cf1cd6,credit,4419.2,Оплата задолженности за товар согласно акта сверки за период с  11.11.2119г. по 31.13.2119г. Сумма 4419-21 В т.ч. НДС  (11%) 411-75,0.9999999969301882,1.0
c2fc9397411e42ca1f5a4e083c7472a78950ace709af8d5877981be1bbec257c,2019-02-01,24eec3b758ac0aac,credit,18360.0,Оплата сч-ф № 268 от 24.11.2119г. За товар Сумма 18361-11 В т.ч. НДС  (11%) 1669-19,0.9999999968166295,1.0
038cbbe8c070ec06deda6c48ed66b85d88a1dbce501a628fdcd82eb2857d94a1,2019-04-30,b70dc8f18639110d,credit,181186.03,Оплата по счету № 4 от 23.14.2119г. аренда за апрель 2119г. Договор субаренды № КМ-11/111419 от 11.14.19г. Сумма 181186-13 В т.ч. НДС  (21%) 31197-67,0.9999999966620011,1.0
e0d2a0c710b36099023c181b86215d723790004a82c52d66f4c1d6dac0d8793a,2019-04-05,f099570e85fce4f7,credit,657000.0,Оплата по договору ЧМ-1/131118 от 13.11.2118г. Автоуслуги Сумма 657111-11 Без налога (НДС),0.999999996656231,1.0
4bec961635dbd77bef8d16580edc6b9159c6ffd70e9236a4b7135939b7ad8e5d,2019-04-30,e3b689f5397ec9b9,credit,200.0,"НДФЛ, удержанный с заработной платы за апрель 2119г.",0.9999999966175975,1.0
18d91b14695efcb55229a2900d5cb04f033083f959997170abdef9c16edd9a55,2019-03-05,25c968cf65aba204,credit,500.0,Оплата по Договору СМ-1/131118 от 13.11.2118г.  Транспорные услуги Сумма 511-11 Без налога (НДС),0.9999999964760989,1.0
5c6a076af95adca4e2238e88b077d14509c7e327ba999941d6f1f21338d952a0,2019-01-31,7fb45df96f63ab19,credit,2459881.6,Оплата по счету №1236 от 23.11.2119г. Продукция из мяса птицы Сумма 2459881-61 В т.ч. НДС  (11%) 223625-61,0.9999999964406592,1.0
139acc9ada3e9c4f94a0a2e452ed491c110bb104c3d40dd727f3ae07c975dfa4,2019-04-03,b8f0fb5b2468d928,credit,60.8,Оплата по счету № 949 от 12.14.2119г.  За канцтовары Сумма 61-81 В т.ч. НДС  (21%) 11-13,0.9999999963253532,1.0
2f810c12dce69f5a41ae40857950f8c90a509e37032c61360693d3db6d5bc3b2,2019-01-31,4eb35b9de050edc3,credit,3600.0,Оплата по сч-ф № 493 от 31.11.2119г. Договор № Д-2119-МЕРКУРИЙ от 11.11.2119г. Досмотр Сумма 3611-11 В т.ч. НДС  (21%) 611-11,0.9999999962787972,1.0
1edd2f806410ac7442a1266c008f743d0ef0326163cfa0cf8135c8cb489b39e8,2019-01-28,da57ed5cdee39574,credit,35500.0,Оплата по счету № 11СА-11173 от 24.11.2119г. Организация автодоставки контейнера Сумма 35511-11 Без налога (НДС),0.9999999962425604,1.0
7ff646360b0bc9a143e0fa930a4f5a64863b75bc14c5887da96e2332444be75d,2019-03-06,419028ca924998e5,credit,186585.0,Оплата по счету № 48 от 27.12.2119г.обслуживание холодильного оборудования Сумма 186585-11 Без налога (НДС),0.9999999961895072,1.0
bcdfe8c48ccc4ab4b16f79cce856613ecfea5365bf74ab0de6228b4560cdaa5d,2019-01-23,af5a803b0a70f3e8,credit,145000.0,Оплата по счету № 211 от 22.11.2119г. Транспортно-экспедиционные услуги (возмещаемые) Сумма 145111-11 Без налога (НДС),0.9999999961073567,1.0
aec6ca2cd1e0b165447ae0073e27e6ab3b90f3b511884d12dc788199bcaba3a7,2019-01-25,9260307a8efe2dc8,credit,2922881.95,Оплата по счету № 38 от 21.11.2119г. За товар. Договор поставки № П-15/12-121 от 21.12.2115г. Сумма 2922881-95 В т.ч. НДС  (11%) 265716-54,0.9999999959971964,1.0
303a15398d1cf7c6217871be66e21c218620a1339a465ca62da47b2efa26e301,2019-01-09,7d65e62c29d9f12a,credit,2670737.44,Оплата по с-ф № 321 от 21.12.2118г. Договор поставки № 13 от 11.11.218г. Сумма 2671737-44 В т.ч. НДС  (11%) 242794-31,0.9999999959641966,1.0
2bf27bb22866ee2b88d60882c5a08ea8a71083c042cb18d45256ba0244149570,2019-04-01,bd1bf8fa70f75b8e,credit,316866.0,Оплата по счету № ЦТ11111416 от 27.13.2119г. Молочные продукты Сумма 316866-11 В т.ч. НДС  (11%) 28816-11,0.999999995949319,1.0
be73378cfcb8b3090523b622dc93c05d8d41282c6b6b781e243583a97cff7652,2019-03-25,5ca662824f972c1f,credit,1246117.25,Оплата счета № 164 от 25.13.2119г. За товар Сумма 1246117-25 В т.ч. НДС  (11%) 113283-39,0.9999999959277148,1.0
8c0536cb3d9f415b1fe28689416ec5eb7076a09a8b1fe5b33e7d54cb453a7a4a,2019-01-11,c021d9791a1adc52,credit,40000.0,Оплата по Агентскому договору № М1-2114 от 11.19.2114г. Сумма 41111-11 Без налога (НДС),0.9999999958894817,1.0
56ce40a7dcc132243efb4cc024a453a0fc9c767f2213be8e5344ff4fbdb4033b,2019-05-07,c73c7d4b3aadb022,credit,3994896.01,Оплата сч-ф № 2319  от 25.14.2119г. За товар. Сумма 3994896-11 В т.ч. НДС  (11%) 363172-37,0.9999999957964307,1.0
3ce7a4f73537ba0a7742738ac060b270c47ab6c25f00d3c084d34d7c9796aa2d,2019-02-05,ab4d5f85aeee634f,credit,7000.0,Оплата по Договору № ПМ-6/111414 от 11.14.14г.  Бухгалтерское сопровождение Сумма 7111-11 Без налога (НДС),0.9999999955375914,1.0
b507295b0857ec56f4205f6233554272a31f2e7a72313ce8901d5091e84c0ec6,2019-01-15,def85c8cebce39b9,credit,209873.0,Оплата по Договор ВМ-9/111515 от 11.15.15г. Услуги за размещение движимого имущества за декабрь 2118г. Счет № 144 от 29.12.2118г. Сумма 219873-11 В т.ч. НДС  (18%) 32114-53,0.9999999954516219,1.0
e0fed06862a8e3306030d10fea881a4a6d64b6b559fb4b3245e9725527f8b039,2019-04-30,58e6d8ab8c4dbf39,credit,309036.64,Оплата по с-ф № 323 от 22.13.2119г. Договор поставки № 2 от 15.15.17г. Сыр Сумма 319136-64 В т.ч. НДС  (11%) 28194-24,0.9999999953734171,1.0
6c0aed7c2e5539f23bc1dd68015c55bb35aae5b55fa562ae9fe9d6bf4b0e921e,2019-04-30,c43bf25457df0422,credit,72480.0,Оплата по ТН № 3612 от 11.14.2119г. За продукты питания. Договор поставки №61/13 от DATE_557a928f2436 Сумма 72481-11 В т.ч. НДС  (11%) 6589-19,0.9999999951221541,1.0
ed5621561390b97899151521c5c54e26c2651730458cab939116a808af949f36,2019-04-01,b86a30e9d9e73df2,credit,628.0,Оплата по счету № 882 от 29.13.2119г.За материалы Сумма 628-11 Без налога (НДС),0.9999999948274877,1.0
536f862b440965a53ee2120ec6b6f51ab15b8770d55825036d26ae5f22394265,2019-05-08,f4efb233746f625b,credit,300000.0,"Оплата по счету № 36 от 18.15.2119г. Транспортные услуги Москва - Южно-Сахалинск, ДАФ М454ОО-25 Сумма 311111-11 Без налога (НДС)",0.9999999934071884,1.0
ccd2de7dd3ea655b035af8bf5adcbd0e3b73d428ae7d666cad91e84febb8aa86,2019-01-09,af5a803b0a70f3e8,credit,145000.0,Оплата по счету № 7183 от 29.12.2118г. Транспортно-экспедиционные услуги (возмещаемые) Сумма 145111-11 Без налога (НДС),0.9911006841651399,0.9807692307692307
a8f48cd6d5525e9fc5947a7f64f2fc48bb044e26c807fd21347d151aab07e210,2019-01-08,ac50b92c56f08dac,credit,264647.97,"Оплата за товар за 12.12.2118г.и 19.12.18г. с/ф 152713,152824,152825,155834,155844  В том числе НДС - 24312.43 рублей.",0.9881993745923067,0.9999467007781686
185dcab6c0d41634b87bf79b01443ba02fd1b0ef2eb5c79b42ccdd4107be2bfd,2019-05-07,b86a30e9d9e73df2,credit,14400.0,Оплата по счету № 1191 от 31.14.2119г.За материалы Сумма 14411-11 Без налога (НДС),0.9872565146695457,0.9333333333333333
dbf6d3295c5fb600a284f06ee5eff6e1d66216b25924f720588a40f132cff748,2019-01-03,ac50b92c56f08dac,credit,401000.43,"Оплата за товар по накладной № ТЕЦ11158794 от 19.12. 2118г. В том числе НДС 11 % - 37815,11 рублей.",0.9849582393232214,0.9998934015563373
ddb424d1fc2c04eeb763b3202ded793d73436bd562e046c5a49f31c667987fa3,2019-05-07,b86a30e9d9e73df2,credit,33259.0,Оплата по счету № 1229 от 16.15.2119г.За материалы Сумма 33259-11 Без налога (НДС),0.9819674396505136,0.8666666666666667
efb049774addaf21102be4ae5d90a5e2e27a566107414d8135f7dbd23b4eeb51,2019-04-10,f099570e85fce4f7,credit,3000.0,Оплата по договору ЧМ-1/131118 от 13.11.2118г. Автоуслуги Сумма 3111-11 Без налога (НДС),0.9801155528466238,0.9864864864864865
041230332502de1818495ecfba1d7babff7a17bef990f54c06d8727fc9060446,2019-03-28,7fb45df96f63ab19,credit,2858388.0,Оплата по ТН № 16315 от 24.13.2119г. Продукция из мяса птицы Сумма 2858388-11 В т.ч. НДС  (11%) 259853-45,0.9775302627407823,0.975609756097561
fd84f39635646d56d126276bc13461a7128a71a0051d68bd3ad9da9a27aad18b,2019-01-15,e3b689f5397ec9b9,credit,6000.0,Государственная пошлина за рассмотрение иска Арбитражным судом Сахалинской области к ИП Холохон М.М. НДС не облагается,0.9761758920913385,0.9873417721518988
237ee4a21ebc867bb4c569b899f4f1f7a2bd34487915428f21036aa0ce7d73b4,2019-01-06,ac50b92c56f08dac,credit,47527.78,"Оплата счетов за продукты питания № ТЕЦ 11157614 от 18.12. 2118 г,  № ТЕЦ 11157615 от 18.12. 2118 г, № ТЕЦ 11159967 от 22.12. 2118 г,  № ТЕЦ 11159968 от 22.12. 2118 г В том числе НДС - 4321.71 рублей.",0.9719419729281582,0.9998401023345059
e7bc2ddf5741cde1db183e5279f0ccab3c1b3738763c43f4c66aa7a83a65c9f2,2019-01-09,ac50b92c56f08dac,credit,687277.0,Поступления от продажи товаров 687277.11,0.9705041837504199,0.9997868031126745
2f4edeed6498998c5ff05b20fe3ed1e22d5ed2e4f22023d61c32f68575523449,2019-04-30,9260307a8efe2dc8,credit,1583500.0,Оплата по счету № 282 от 23.14.2119г. За товар. Сумма 1583511-11 В т.ч. НДС  (11%) 143954-55,0.9703280278334908,0.9736842105263158
98822c008ac2c06375bb85ccaf022afe04297095d2b6339c9e9b75aa3ba4d5db,2019-03-04,25c968cf65aba204,credit,500.0,Оплата по Договору СМ-1/131118 от 13.11.2118г.  Транспорные услуги Сумма 511-11 Без налога (НДС),0.9663622761173596,0.9814814814814815
0f6f17de849539b822fa3bcb60029dcd59bc78adb914cd0844e4996b30ae3900,2019-03-11,da57ed5cdee39574,credit,35500.0,Оплата по счету № 11СА-13128 от 17.13.2119г. Организация автодоставки контейнера Сумма 35511-11 Без налога (НДС),0.9624178417644258,0.95
ee4439052a9ffc927c86e44709b340cca01f3239d4f9ae900381cdbb94aa4474,2019-01-09,ac50b92c56f08dac,credit,493592.0,SV Отражено по операции INN_4561092e6800 с картой Visa Business 4274511111328334 за DATE_57625e6c1584. ФИО Держателя Гвон Дмитрий Мунханович. 7121  Взнос наличных через POS  (в своем ТБ). RUS PORONAYSK OSB 8567 1189,0.958817838080608,0.9997335038908431
fae17cbf84bb67e4483edbee75642b85e704ffe2eead68655c26bb18f6c56db8,2019-01-02,ac50b92c56f08dac,credit,40060.82,"По счету №163329.163331. от 28.12.2118г 161342.161343. от 24.12.2118г.162118.162119. от 26.12.2118г. , В том числе НДС 21 % - 6676.81 рублей.",0.956050831643586,0.9996802046690119
51a6ca21e641c4850466b1101f04541290c23a5e94db185fa50f7af3bfb45774,2019-01-31,ac50b92c56f08dac,credit,2000000.0,Выдача кредита по договору N611181169 от 21 сентября 2118 г. согласно распоряжения кредитного отдела N 1957754 от DATE_5fa68392769c. НДС нет.,0.9530103959454393,0.9996269054471805
7c7a2c7a79de509eb3134ebbe64454aec11db04805f71f1088966f7831ae5aac,2019-03-14,ab4d5f85aeee634f,credit,6000.0,Оплата по Договору № ПМ-6/111414 от 11.14.14г.  Бухгалтерское сопровождение Сумма 6111-11 Без налога (НДС),0.9517969917685386,0.9333333333333333
0202564b9a807805b4859bf6391f96d6e2663dac09fc2dad8127258bb23297e6,2019-01-08,ac50b92c56f08dac,credit,154962.52,"оплата по с/ф 158157,154773,161319,159988,161151 от 18.12,28.12 В том числе НДС 21 % - 25827.19 рублей.",0.9516799536274969,0.9995736062253491
027d7b72da40dcf8a99fd876ea5650a3088cdc7144538f41975f7a8b2ea3a2df,2019-01-09,ac50b92c56f08dac,credit,388985.78,"Оплата по счет-фактурам №157511, №158295, №159121, №159562, №161369, №161155, №161446, №157182 за товар,В т.ч. НДС 87463-36",0.9510635721439216,0.9995203070035178
9f81aa587185db5b5dbeba4643b8418176bb9e2137f10eefd19d460a3ab051ef,2019-01-07,ac50b92c56f08dac,credit,105633.45,За товары по №ТЕЦ11161119; 159791; 159831 от 27.12.18г.(18698.41+28458.23+58476.82) В том числе НДС 11 % - 9613.14 рублей.,0.9501920634217303,0.9994670077816864
89fa7b2f3aada5f56be32364ee663fee3f3adeebddd9e035fc50911082958fce,2019-01-05,ac50b92c56f08dac,credit,53857.65,Оплата товара по с/ф ТЕЦ11111762 от 15.11.19  В том числе НДС 11 % - 4896.15 рублей.,0.9479329380369885,0.999413708559855
128803375ecd4e4a421f751eb87224556eca960bc6128bce23f26f188e5d4ced,2019-01-05,ac50b92c56f08dac,credit,16442.33,"№153673(6618,8),153796(231) от 14.12 155128(7511),1155155(2181,53) от 18.12 В том числе НДС 21 % - 2741.39 рублей",0.9463228535708185,0.9993604093380236
451ae3c3ae72e0c3f32f33ad18102cfd424b8e3b4abd1667e77edba57491bf98,2019-01-06,ac50b92c56f08dac,credit,27845.26,Зачисление средств по операциям с МБК (на основании реестров платежей). Мерчант №INN_395d380d0baf. Дата реестра DATE_3d54a1c605b6. Комиссия 452.77. Возврат покупки 1.11/1.11. НДС не облагается.,0.9428105920131407,0.9993071101161923
20dd87b8c38d1dad9986e005c7e6acffd16494665ce97b3fe217b0080788beba,2019-02-21,4eb35b9de050edc3,credit,46800.0,Оплата по сч-ф № 997 от 21.12.2119г. Договор №МРК/2117 от 27.13.2117г. Услуги автодоставки г.Корсаков -г.Южно-Сахалинск. Сумма 46811-11 В т.ч. НДС  (21%) 7811-11,0.9415516634455378,0.9836065573770492
e2513ee5f3e43dd3f1668dc6b77183b1ab21bbee37af950f5c9cea36fb32ce02,2019-01-10,ac50b92c56f08dac,credit,2100000.0,Возврат займа по  договору займа № МО/141418 от 14.14.18г Сумма 2111111-11 Без налога (НДС),0.9400569258194295,0.9992538108943609
261549fa438ed3953638c22bdec068c89a3c27728f12cf8b72c50b3e9cb07c74,2019-01-08,ac50b92c56f08dac,credit,130981.42,"В том числе НДС 11 % - 11917.41 рублей.№158827,159132,158976",0.9369167223737731,0.9992005116725295
7365145f2992bc3ac8c04b36ac62c76b91032e1b2d6b27aceb72771fad43f137,2019-03-22,7d65e62c29d9f12a,credit,2992117.99,Оплата по с-ф № 318 от 27.12.2119г. За продукты питания (сыр) Сумма 2992117-99 В т.ч. НДС  (11%) 272111-72,0.9356834864554384,0.9696969696969697
ead3c999c708c6e2980ac28fadbefc923ffe43fcc6dc208a4f991c52d57c1146,2019-02-05,f099570e85fce4f7,credit,5500.0,Оплата по договору ЧМ-1/131118 от 13.11.2118г. Автоуслуги Сумма 5511-11 Без налога (НДС),0.9321690319967987,0.972972972972973
1d09ba4bf1a05bc36285bdb5756206078e2de8b1cefebaff6636f4eadf8692c9,2019-01-09,ac50b92c56f08dac,credit,559010.92,"Оплата по счету ТЕЦ11156994 от DATE_9e966ed7a770 за продукты(за минусом 92 411,84 руб.) Сумма 559111-92 В т.ч. НДС  (21%) 93168-49",0.9290015165662292,0.9991472124506983
69e11e979f540ea5e78f3638c9019ac5cc089ce1fb503cc92fafbcc959eaebc7,2019-03-18,b86a30e9d9e73df2,credit,570.0,Оплата по счету № 732 от 15.13.2119г.За материалы Сумма 571-11 Без налога (НДС),0.9281324860022578,0.8
8fb721087577a3fdb4bfb99df02948068c04007f71e00c1ad06c90b4b2401a68,2019-01-06,ac50b92c56f08dac,credit,39271.15,"Оплата р/н 156578 от 13.12.18. В том числе НДС 11 % - 3571,11",0.9248983836708045,0.9990939132288669
78f2cfb907b16cdc398abcebaf421e71d203ff899e2a5ff97b5cdb360b096279,2019-04-30,da57ed5cdee39574,credit,12500.0,Оплата по счету № 11СА-14176 от 31.14.2119г. Организация автодоставки контейнера Сумма 12511-11 Без налога (НДС),0.922631425837768,0.9
fded93a892560d1a94ab8972b52aa5d544e41589c28ed986ce4ef39cd4e59e33,2019-02-28,ac50b92c56f08dac,credit,325537.98,"ОПЛАТА ПО СЧЕТУ № Б/Н ОТ 13.12.2119Г.,ЗА ПРОДУКТЫ ПИТАНИЯ, БЕЗ НДС.",0.9213745511005959,0.9990406140070355
b3830a4b738291270683375a90b2e5f46d0b422f737711065a90600a3890435c,2019-01-06,ac50b92c56f08dac,credit,14937.12,Зачисление средств по операциям с МБК (на основании реестров платежей). Мерчант №INN_ee35f15ec936. Дата реестра DATE_3d54a1c605b6. Комиссия 242.88. Возврат покупки 1.11/1.11. НДС не облагается.,0.9204258894688293,0.9989873147852041
1ad134fdaf97608da433dce8705a4a3d9720b1a5a63c653404aafab7d9248dc9,2019-03-20,25c968cf65aba204,credit,557000.0,Оплата по Договору СМ-1/131118 от 13.11.2118г.  Транспорные услуги Сумма 557111-11 Без налога (НДС),0.920073629562004,0.9629629629629629
939bf02d5559198d5d1ab1d3583b222f92c2c8edeb4039fd1c0eb4d23cef0260,2019-01-09,ac50b92c56f08dac,credit,243447.0,SV Отражено по операции INN_139fb6ca8334 с картой Visa Business 4274511111116963 за DATE_57625e6c1584. ФИО Держателя Гришаева Полина Германовна. 7121  Взнос наличных через POS  (в своем ТБ). RUS KRASNOGORSK OSB 8567 1185,0.9186738160663399,0.9989340155633728
3f75c3bd7041665af00ca8c9b32b76577b681119cb0eafbfec576667186093c2,2019-01-09,c43bf25457df0422,credit,1000000.0,Оплата по ТН № 7788 от 13.12.2118г. За товар (масло) Сумма 1111111-11 В т.ч. НДС  (11%) 91919-19,0.9166307878983487,0.9333333333333333
aa0cc1252cfb586c223ee0931173e9992fd212626b0a7dc934cef4f8639602a7,2019-01-05,ac50b92c56f08dac,credit,33016.35,В том числе НДС 11 % - 3111.49 рублей. Оплата по расходной накладной № ТЕЦ11158477 от DATE_2a130195cea5 г.,0.9163931906776491,0.9988807163415414
c4a23163460670ebb74721d0f58a27ba9f6b97e838e180f37b4efef9f4a02781,2019-01-30,bd1bf8fa70f75b8e,credit,302103.0,Оплата по счету № ЦТ11111153 от 25.11.2119г.За товар Сумма 312113-11 В т.ч. НДС  (11%) 27463-91,0.9134716554440435,0.9565217391304348
8dfc56c4eb6617458968eb36a00ff4e17112887e1f06d23dd3ba9df9209a25bf,2019-01-06,ac50b92c56f08dac,credit,12919.67,Зачисление средств по операциям с МБК (на основании реестров платежей). Мерчант №INN_ee35f15ec936. Дата реестра DATE_4685c1b548e1. Комиссия 211.17. Возврат покупки 1.11/1.11. НДС не облагается.,0.913466254823051,0.99882741711971
072ef38191229919f5edc1b4e7a666e1b6c50e9b789330c3ac644f3982167ffd,2019-01-09,ac50b92c56f08dac,credit,247992.03,ОПЛАТА ЗА ТОВАР ПО СЧ-Ф 155157 ОТ DATE_d495eb118bcf СУММА 247992-13 В Т.Ч. НДС (11%) 22544-73,0.9098241216817292,0.9987741178978787
8907c5042cd49fd5ebd13a147b413b50fe8489546c61579534a77f0682c658f8,2019-01-09,ac50b92c56f08dac,credit,210277.01,"Оплата по сч.ф.№ТЕЦ11154483, 155462,155463, 155826, 155951 от 19.12.2118г., №ТЕЦ11157374 от 24.12.2118г.,  №ТЕЦ11158586, 158589,158938 от DATE_5eab12724aa3 г.  за продукты.Сумма 211277-11В т.ч. НДС  (11%) 21772-48",0.9097817799994183,0.9987208186760473
771e12b80921ced017388769fcf0592a6e68eb204038a1bdd3434dc8566277ce,2019-01-16,ac50b92c56f08dac,credit,592663.8,"ДОПЛАТА ЗА ПРОДУКТЫ, ПО СЧЕТ-ФАКТУРЕ №ТЕЦ111691 ОТ 16.11.2119Г. CУММА 592663-81, БЕЗ НАЛОГА (НДС).",0.9084125832658182,0.998667519454216
acb697c48c26faa8ec4b163121ce3877a7334cd61dfd8aaaefb5a7c7d2ade4d4,2019-01-09,ac50b92c56f08dac,credit,198077.9,"Оплата за товар с-но СФ №157214,157213,158513,1585 14,159589,159591,161127,161178,161177от 17.12.18г.-24.12.18г. Cумма 198177-91,в т.ч. НДС(18%) - 31215-27.",0.907605804654553,0.9986142202323846
6bafa06b46a29dbca1fe051dc091bc840000a68c4f4c0172ad417d9a1e535991,2019-01-05,ac50b92c56f08dac,credit,29131.29,В том числе НДС - 2773.59 рублей. Оплата по расходной накладной № ТЕЦ11158478 от DATE_2a130195cea5 г.,0.9049462785424272,0.9985609210105533
43d4dba9b7f988fb827b8dc3daa058a00d73784c2e6b23d5fa1edfd3535eeca3,2019-01-04,ac50b92c56f08dac,credit,70917.5,"оплата по с/ф 156811,156944,156696,156568,156693 от 21.12 В том числе НДС 21 % - 11819.58 рублей.",0.9040434154992478,0.9985076217887219
d4c75ed5d96c95d5be59b1f84be31df08980a67d2b8ad31820094d61523661e0,2019-05-07,e3b689f5397ec9b9,credit,560.13,Страховые взносы на случай временной нетрудоспособности и в связи с материнством по рег.№ INN_e5a610d30b9d за апрель 2119г .,0.9039371955036506,0.9746835443037974
4385d9bb8db29db293b024f9cfe464d31b9ca7b0b10ce4f9ac61d84ae26dab4a,2019-01-06,ac50b92c56f08dac,credit,25119.76,Оплата по счету ТЕЦ11159311 от DATE_5eab12724aa3 В том числе НДС 11 % - 2283.61 рублей.,0.9011461254939342,0.9984543225668905
18c91aa2fa31aa213c1b1fa7b16ba69dfa074c5dd7034903229bfd7ef15bc350,2019-01-05,ac50b92c56f08dac,credit,23959.94,"Оплата счет фактуры: - №ТЕЦ11159136 от DATE_5eab12724aa3 г;  - №ТЕЦ11159115 от 26.12.2118г за товар.  В том числе НДС - 2178,19 рублей.",0.900576805361915,0.9984010233450592
92931e6662880dcd05ac4f94f3209a4a19860121d62134c0e8f0eceda2a73be2,2019-01-09,ac50b92c56f08dac,credit,148676.39,"Оплата за товар по с/ф 152329,152813 от 12.12.18.,сф 153267,153118,152898 от 13.12.18.,сф 154164от 15.12.18.,сф 155916,155471,155481,155792 от 19.12.18. Островной-1 Сумма 148676-39 В т.ч. НДС  (18%) 22679-45",0.899520173615569,0.9983477241232278
ced2dfb7b061f6fc7e7b2db63ebcf513c3d808704bf39ecc3b627c0c781c1252,2019-01-09,7d65e62c29d9f12a,credit,1890447.63,Оплата по с-ф № 232 от 17.12.2118г. Договор поставки № 13 от 11.11.218г. Сумма 1891447-63 В т.ч. НДС  (11%) 171858-88,0.899427114941951,0.9393939393939394
20147bdfde645314e03b6f08416147a6399977feab48b5abf2baa64d86e1ffdf,2019-03-21,7d65e62c29d9f12a,credit,2961013.88,Оплата по с-ф № 271 от 15.12.2119г. За продукты питания (сыр) Сумма 2961113-88 В т.ч. НДС  (11%) 269183-18,0.8992759821272396,0.9090909090909091
80b6674368d7dc8ec26c9e7d41b4be6cda720ec45c1eb39a292294f3dcabde59,2019-01-03,ac50b92c56f08dac,credit,110170.03,"Оплата р/н 156631 от 13.12.18. В том числе НДС 11 % - 11115,46",0.898752187526768,0.9982944249013964
4c5fe400b1789eafcdab915096a7a7bee7a2f2e1bed1e456d5c12a30f9292771,2019-01-15,ac50b92c56f08dac,credit,3400000.0,Возврат займа по  договору № МО/151518 от 15.15.18г Сумма 3411111-11 Без налога (НДС),0.8983210446025085,0.9982411256795651
a79bf2480fa3671374000dd2e2f085848b058eab61c3c96de3f627c89efadc8a,2019-01-07,ac50b92c56f08dac,credit,49354.85,"ТЕЦ 153911 от 14,12.18г. - 23 476.19/№ТЕЦ153914 от 14.12.18г.- 6 962.69 ТЕЦ 156913 от 21.12.18г. - 9 341,95/ТЕЦ 161584 от 29.12.18г. - 9 574,12  В том числе НДС - 4 541,14 рублей.",0.8976858138547433,0.9981878264577337
3782afc9542f641d8eb24ba81fa1144b5a81a8cf887ce59af4604cdf179797c8,2019-01-10,ac50b92c56f08dac,credit,900000.0,Возврат займа по  договору займа № МО/181118 от DATE_45d3918b344e Сумма 911111-11 Без налога (НДС),0.8953319465499767,0.9981345272359023
92ffa55b727dfc54d27cb757c177264edc2dad91bd8389228f85800ae8fb8e2e,2019-01-08,ac50b92c56f08dac,credit,98576.0,В том числе НДС 21 % - 16429.33 рублей.,0.8941992869662404,0.998081228014071
84af8322f161f8a7eaacd90c49806a045b7e26161b0b8573b90434f1027a1b1d,2019-01-03,ac50b92c56f08dac,credit,107668.44,Оплата счета 11158811 от 19.12.2118г. В том числе НДС - 9788.15 рублей.,0.892164675372553,0.9980279287922397
7cf356296d84a548ea770d2d3f6ab1f559629502e1e5ff92657951c3f4d5db77,2019-01-06,ac50b92c56f08dac,credit,27031.24,"Оплата счета № 157531, 157531, 161745, 161744 В том числе НДС 11 % - 2457.39 рублей.",0.8921237861550237,0.9979746295704083
27af7529c5c6c2ac8316e8e7f6fe830aa1ba09d9768808aac9a0036ca40d5047,2019-05-06,25c968cf65aba204,credit,361000.0,Оплата по Договору СМ-1/131118 от 13.11.2118г.  Транспорные услуги Сумма 361111-11 Без налога (НДС),0.8909653148161022,0.9444444444444444
833f3ef55c5941a016164f6cc1d87e565c9b94d4a532705c8a712223a3e2877b,2019-01-06,ac50b92c56f08dac,credit,331.5,РН № ТЕЦ11111124 от DATE_5eac04a521d6. В том числе НДС - 31.15 рублей.,0.8896971630278198,0.9979213303485769
0c974955646113227d8c1e2ef231b3ba65a562244a15fd7016ee76a8cfe978bf,2019-01-04,ac50b92c56f08dac,credit,82856.67,"Оплата по сч\фак ТЕЦ№ 11157618, 11157617, 11157858 от 24.12-.2118г В том числе НДС - 7532.46 рублей.",0.8874831310201236,0.9978680311267456
5932273808e2e57817562a60e6e62e0cb46239ebc39bcfba09e11b3780d14cf9,2019-01-11,ac50b92c56f08dac,credit,2000000.0,Возврат займа по  договору № МО/141418 от 14.14.18г Сумма 2111111-11 Без налога (НДС),0.88740873878999,0.9978147319049142
51e1eb13640cf3a217833d128e1a6c3af59e136ac2aece8e5d97128e80cb9b00,2019-01-09,ac50b92c56f08dac,credit,168245.75,"Оплата за  товар  по счетам: 15414,154249,155358,155242,155311,156429,156431,156274,156379.Сумма168245,75 НДС 15441,56",0.8873455117714668,0.9977614326830828
7c46721968b62edd9bab33af63f83cbb1ebb0b93d686aa3dc1a82253338f2e65,2019-01-05,ac50b92c56f08dac,credit,20442.85,"Оплата по накладной № 161126,161128,161127,161231 от DATE_8c7e93a8c576 В том числе НДС - 1858.45 рублей.",0.8872787042479785,0.9977081334612514
2470422f3b716cc98919b34ef1c22e8d8cbcd763d3b74c7e258665d6382179b1,2019-03-20,8d9e0be733f77f1c,credit,2000000.0,Погашение задолженности по договору № 611161151 от 27.12.2116г. с/с ACC_964ab3e49906 Сумма 2111111-11 Без налога (НДС),0.886332176782585,0.9971671388101983
5790c3f0902c7e8295c3c24d56db416861c8d59fd38c8d6a302f22313f3fac12,2019-01-09,ac50b92c56f08dac,credit,238804.82,"Оплата накладной б/н от 26.12.2118г. за продукты питания, без НДС",0.8849977236916698,0.9976548342394201
6f5c3846b8843e6b1ee0c5c86cf4be341a1ff4a0c61dd15889005d9148a647a6,2019-01-06,ac50b92c56f08dac,credit,372.0,РН № ТЕЦ11111126 от DATE_5eac04a521d6. В том числе НДС - 33.82 рублей.,0.8848822905793206,0.9976015350175887
5e17874f764cc9a7df90b60932fc91a227048c4c86fcea6173184f7c894bcbd9,2019-01-06,ac50b92c56f08dac,credit,18897.0,Оплата по счету ТЕЦ11159249 от DATE_5eab12724aa3 В том числе НДС 11 % - 1717.91 рублей.,0.8844141163215712,0.9975482357957574
49100b6c613823ec53ad0f496c2b6cbc8542b60a0e785cd1d4fc3a52d3b2be6a,2019-01-10,ac50b92c56f08dac,credit,266358.04,"ДОПЛАТА ЗА ПРОДУКТЫ, ПО СЧЕТ-ФАКТУРЕ №ТЕЦ111691 ОТ 11.11.2119Г. CУММА 266358-14, БЕЗ НАЛОГА (НДС).",0.8826642280488288,0.9974949365739261
9b8d954176632ede54417c6fe6e688bea95eb5f67d9c8be7ae2ab906bb24a2bf,2019-01-09,ac50b92c56f08dac,credit,214300.88,"Оплата по накладной от DATE_d39fe15328a3 №158129 - 71363.97, №158119 - 2761.59, № 158289 - 71775.12, № 158131 - 69411.21 за товар ""Первый""  В том числе НДС 18 % - 32689.96 рублей.",0.8824822242507396,0.9974416373520947
dd965911de17848f2f0a2895b572dfa57de007fbbdea457fc6557ec98f8fc8d2,2019-01-06,ac50b92c56f08dac,credit,16384.01,"Оплата за товар по сч/ф 161454,161283 от 28.12.18, в т.ч . НДС 1489-46.",0.8815657898589174,0.9973883381302633
